"觀測時間(month)","測站氣壓(hPa)","海平面氣壓(hPa)","測站最高氣壓(hPa)","測站最高氣壓時間(LST)","測站最低氣壓(hPa)","測站最低氣壓時間(LST)","氣溫(℃)","最高氣溫(℃)","最高氣溫時間(LST)","最低氣溫(℃)","最低氣溫時間(LST)","露點溫度(℃)","風速(m/s)","風向(360degree)","最大陣風(m/s)","最大陣風風向(360degree)","最大陣風風速時間(LST)","降水量(mm)","降水時數(hour)","降水日數(day)","最大十分鐘降水量(mm)","最大十分鐘降水量起始時間(LST)","最大六十分鐘降水量(mm)","最大六十分鐘降水量起始時間(LST)","最大日降水量(mm)","最大日降水量時間(LST)","相對溼度(%)","A型蒸發量(mm)","日照時數(hour)","全天空日射量(MJ/㎡)","平均日最高紫外線指數","月最高紫外線指數","月最高紫外線指數時間(LST)","總雲量(0~10)","station"
"01","1020.9","1021.7","1030.7","2010-01-13 21:44","1012.9","2010-01-04 14:19","16.9","27.8","2010-01-20 12:00","7.0","2010-01-13 05:39","12.8","2.8","70","16.7","60","2010-01-26 11:38","105.3","153.4","15","1.5","2010-01-25 07:35","6.0","2010-01-25 07:40","24.0","2010-01-08 00:00","78","44.1","112.6","221.36","...","...","...","7.6","taipei"
"02","1017.0","1017.8","1025.9","2010-02-18 09:39","1007.1","2010-02-26 13:59","17.6","31.8","2010-02-26 13:21","9.7","2010-02-19 05:56","14.6","2.0","70","17.9","70","2010-02-11 20:30","232.6","174.9","13","3.5","2010-02-16 02:11","7.0","2010-02-16 02:00","49.5","2010-02-19 00:00","84","38.5","79.9","187.78","...","...","...","8.1","taipei"
"03","1017.4","1018.2","1031.0","2010-03-10 09:42","1006.7","2010-03-23 14:46","20.0","31.7","2010-03-23 14:02","8.5","2010-03-10 16:03","14.6","2.5","70","17.3","60","2010-03-15 21:36","66.5","51.6","6","11.0","2010-03-13 18:53","14.5","2010-03-13 18:10","24.6","2010-03-13 00:00","72","84.4","152.9","331.01","...","...","...","7.2","taipei"
"04","1015.1","1015.9","1022.7","2010-04-15 23:38","1005.8","2010-04-11 15:31","20.7","33.1","2010-04-21 12:16","13.7","2010-04-15 18:32","16.4","2.6","70","18.0","60","2010-04-13 12:57","112.5","145.7","18","4.0","2010-04-08 05:50","8.0","2010-04-08 05:11","35.2","2010-04-08 00:00","78","67.6","74.0","245.69","...","...","...","8.7","taipei"
"05","1008.6","1009.4","1016.4","2010-05-01 07:12","998.5","2010-05-23 04:10","25.5","34.8","2010-05-19 12:10","18.7","2010-05-10 22:04","20.5","2.2","70","14.1","150","2010-05-23 15:51","183.9","104.6","14","11.0","2010-05-06 14:10","25.5","2010-05-06 14:07","44.5","2010-05-29 00:00","75","95.6","115.3","345.99","...","...","...","7.8","taipei"
"06","1007.6","1008.3","1012.5","2010-06-02 21:10","1000.8","2010-06-25 04:32","26.2","35.2","2010-06-27 12:08","19.4","2010-06-01 04:26","22.7","1.8","60","14.6","70","2010-06-01 15:26","419.6","192.1","23","14.0","2010-06-21 17:59","53.0","2010-06-21 17:42","104.0","2010-06-21 00:00","82","72.6","77.8","284.99","...","...","...","8.5","taipei"
"07","1007.3","1008.0","1012.0","2010-07-17 21:20","1000.7","2010-07-05 15:07","30.3","38.6","2010-07-03 13:29","25.0","2010-07-28 08:03","23.9","1.8","150","17.0","270","2010-07-06 13:09","89.1","30.3","12","7.0","2010-07-30 15:06","19.0","2010-07-30 14:20","22.0","2010-07-13 00:00","69","155.5","176.4","446.29","...","...","...","6.8","taipei"
"08","1007.2","1007.9","1013.9","2010-08-19 08:22","997.9","2010-08-31 03:01","30.0","38.4","2010-08-03 13:18","24.1","2010-08-31 03:39","24.1","2.4","60","14.5","70","2010-08-07 15:08","388.5","68.9","13","16.0","2010-08-12 13:54","64.0","2010-08-16 14:33","132.0","2010-08-30 00:00","72","128.0","212.4","459.72","...","...","...","5.9","taipei"
"09","1008.4","1009.1","1014.7","2010-09-29 00:44","991.5","2010-09-19 15:26","28.8","35.7","2010-09-10 11:57","24.3","2010-09-25 04:26","23.2","2.7","60","27.9","90","2010-09-19 16:45","144.2","65.1","15","10.0","2010-09-19 09:32","22.5","2010-09-19 09:27","64.6","2010-09-19 00:00","72","114.1","201.5","429.99","...","...","...","5.8","taipei"
"10","1012.7","1013.4","1023.1","2010-10-31 08:45","1000.9","2010-10-23 00:41","24.4","33.8","2010-10-03 10:59","16.8","2010-10-28 06:17","20.3","2.9","70","15.9","70","2010-10-21 23:44","345.4","183.3","19","9.0","2010-10-01 01:27","19.5","2010-10-20 10:28","115.0","2010-10-21 00:00","79","64.3","68.4","201.42","...","...","...","8.7","taipei"
"11","1017.0","1017.8","1023.2","2010-11-09 08:49","1008.3","2010-11-21 13:53","21.1","27.2","2010-11-11 13:05","17.1","2010-11-10 05:45","16.3","3.2","70","16.1","90","2010-11-12 12:34","127.3","158.7","14","17.5","2010-11-19 13:28","45.0","2010-11-19 13:00","49.1","2010-11-19 00:00","75","62.7","72.4","189.14","...","...","...","8.3","taipei"
"12","1016.5","1017.3","1023.6","2010-12-26 09:13","1008.5","2010-12-13 13:42","17.5","29.7","2010-12-12 13:35","7.2","2010-12-27 03:28","11.6","2.4","70","17.6","70","2010-12-15 20:40","63.4","76.0","6","1.5","2010-12-25 19:24","5.5","2010-12-16 07:28","29.1","2010-12-16 00:00","70","60.6","163.0","278.62","...","...","...","6.0","taipei"
"01","1022.2","1023.0","1029.6","2011-01-31 08:59","1013.7","2011-01-14 13:39","13.7","20.9","2011-01-14 12:52","7.9","2011-01-16 08:13","10.7","3.0","90","15.2","80","2011-01-22 13:58","71.9","227.2","25","1.5","2011-01-11 15:05","4.0","2011-01-11 14:46","22.0","2011-01-12 00:00","83","30.4","17.1","103.71","...","...","...","9.4","taipei"
"02","1017.0","1017.8","1025.8","2011-02-14 22:12","1006.1","2011-02-08 14:18","16.9","28.0","2011-02-27 12:53","10.2","2011-02-14 12:49","12.8","2.3","90","14.7","80","2011-02-05 15:20","68.0","122.7","14","3.0","2011-02-19 10:34","6.0","2011-02-19 10:24","35.3","2011-02-19 00:00","78","51.6","87.8","209.80","...","...","...","7.8","taipei"
"03","1019.9","1020.7","1026.9","2011-03-16 08:04","1008.0","2011-03-20 15:13","16.2","30.7","2011-03-20 14:30","10.4","2011-03-28 04:03","11.4","3.3","80","17.3","80","2011-03-17 09:29","119.1","117.8","12","2.0","2011-03-07 00:49","8.5","2011-03-07 03:32","45.0","2011-03-27 00:00","74","73.9","55.0","203.70","...","...","...","9.1","taipei"
"04","1013.8","1014.6","1022.4","2011-04-05 10:08","1003.6","2011-04-27 14:24","21.7","34.4","2011-04-27 12:47","13.7","2011-04-04 19:07","15.2","2.5","80","16.9","70","2011-04-19 08:07","27.4","53.4","7","2.5","2011-04-17 12:46","7.0","2011-04-17 12:43","13.2","2011-04-17 00:00","68","100.1","153.1","405.74","...","...","...","6.5","taipei"
"05","1008.9","1009.7","1015.4","2011-05-14 21:04","1000.9","2011-05-11 15:28","24.8","36.1","2011-05-11 12:32","17.9","2011-05-29 04:41","20.6","2.3","80","16.2","90","2011-05-27 23:57","222.0","159.3","18","10.5","2011-05-13 01:44","23.5","2011-05-13 01:37","54.0","2011-05-16 00:00","78","82.0","94.2","330.06","...","...","...","8.1","taipei"
"06","1005.4","1006.1","1011.1","2011-06-29 21:52","991.3","2011-06-25 03:35","29.0","36.2","2011-06-07 11:51","23.8","2011-06-03 03:53","23.7","1.7","170","18.3","270","2011-06-25 22:17","284.6","65.8","13","13.5","2011-06-28 14:57","40.0","2011-06-28 14:54","106.4","2011-06-25 00:00","74","120.3","145.7","421.69","...","...","...","7.6","taipei"
"07","1004.3","1005.0","1011.0","2011-07-01 07:19","996.3","2011-07-18 17:32","29.7","37.7","2011-07-24 12:43","24.5","2011-07-14 20:21","24.1","1.6","170","17.5","90","2011-07-27 23:45","264.2","40.1","14","14.5","2011-07-03 16:01","41.5","2011-07-13 12:53","76.0","2011-07-13 00:00","73","142.5","181.7","470.47","...","...","...","6.3","taipei"
"08","1004.9","1005.6","1011.9","2011-08-15 09:46","993.0","2011-08-29 17:35","29.6","37.5","2011-08-18 12:29","24.2","2011-08-12 16:42","24.1","2.1","170","21.4","80","2011-08-29 06:18","166.6","66.4","17","11.5","2011-08-14 15:51","35.0","2011-08-14 15:41","39.0","2011-08-14 00:00","73","140.0","195.7","470.73","...","...","...","6.1","taipei"
"09","1008.2","1008.9","1013.6","2011-09-22 08:23","1000.2","2011-09-01 02:56","27.6","35.6","2011-09-29 11:03","22.7","2011-09-06 05:26","21.7","2.9","80","21.3","120","2011-09-28 09:08","51.6","27.5","9","7.0","2011-09-13 15:20","18.0","2011-09-13 15:05","24.0","2011-09-13 00:00","71","116.2","170.0","397.67","...","...","...","6.1","taipei"
"10","1014.3","1015.1","1020.4","2011-10-25 21:10","1008.8","2011-10-14 13:52","24.1","32.6","2011-10-13 11:33","19.5","2011-10-25 20:27","19.7","3.1","80","19.3","90","2011-10-02 20:22","92.6","143.8","13","6.5","2011-10-13 12:54","9.0","2011-10-13 12:50","26.5","2011-10-01 00:00","77","73.9","53.3","218.29","...","...","...","8.6","taipei"
"11","1015.5","1016.2","1026.3","2011-11-24 08:46","1008.0","2011-11-18 15:32","22.9","33.5","2011-11-05 13:33","18.0","2011-11-25 06:07","19.0","3.2","80","18.0","90","2011-11-02 10:34","231.2","195.6","18","4.0","2011-11-11 17:52","12.5","2011-11-19 15:20","47.0","2011-11-11 00:00","79","63.7","74.5","198.98","...","...","...","7.9","taipei"
"12","1021.1","1021.9","1028.1","2011-12-17 07:56","1012.5","2011-12-07 12:28","16.7","30.4","2011-12-07 11:49","10.8","2011-12-24 06:10","13.7","3.0","90","13.9","80","2011-12-25 10:16","159.4","275.3","20","4.0","2011-12-21 15:30","6.4","2011-12-06 04:40","26.0","2011-12-14 00:00","83","26.3","23.5","89.30","...","...","...","9.2","taipei"
"01","1019.3","1020.1","1029.5","2012-01-04 09:35","1007.8","2012-01-15 16:10","15.9","25.7","2012-01-18 13:47","9.3","2012-01-04 14:31","13.4","2.7","90","15.5","80","2012-01-12 12:37","157.4","186.6","16","3.0","2012-01-16 00:26","7.5","2012-01-16 00:07","36.0","2012-01-06 00:00","86","30.7","23.0","105.53","...","...","...","9.3","taipei"
"02","1017.5","1018.3","1026.3","2012-02-18 09:53","1006.3","2012-02-06 14:57","16.4","28.4","2012-02-06 12:09","9.5","2012-02-08 20:27","13.9","2.7","90","15.3","80","2012-02-02 14:46","268.8","190.7","15","6.5","2012-02-23 04:43","18.0","2012-02-07 02:02","62.7","2012-02-23 00:00","86","43.4","43.7","139.27","...","...","...","8.7","taipei"
"03","1016.3","1017.1","1024.4","2012-03-31 08:32","1006.9","2012-03-05 13:26","18.8","30.7","2012-03-23 10:37","10.7","2012-03-24 09:12","14.6","2.5","90","16.6","70","2012-03-31 05:31","85.4","120.4","13","3.0","2012-03-14 06:33","6.5","2012-03-09 05:10","22.0","2012-03-13 00:00","78","72.6","109.0","280.33","...","...","...","7.5","taipei"
"04","1011.5","1012.3","1021.9","2012-04-01 00:01","1003.0","2012-04-25 14:13","23.1","34.9","2012-04-30 13:18","16.7","2012-04-06 16:01","18.5","2.2","80","16.9","80","2012-04-03 14:27","289.1","141.0","23","10.5","2012-04-22 01:08","36.5","2012-04-22 00:17","57.0","2012-04-22 00:00","76","64.5","61.2","240.23","...","...","...","8.5","taipei"
"05","1007.6","1008.4","1011.9","2012-05-06 08:14","1002.6","2012-05-08 18:03","25.9","35.9","2012-05-01 14:00","19.3","2012-05-06 05:13","20.2","2.4","80","16.4","280","2012-05-02 11:34","231.2","107.0","18","8.5","2012-05-12 16:21","25.0","2012-05-02 19:41","38.0","2012-05-04 00:00","71","105.7","127.7","402.31","...","...","...","7.2","taipei"
"06","1002.9","1003.6","1010.3","2012-06-30 23:11","994.9","2012-06-11 17:06","27.8","35.8","2012-06-29 11:38","23.3","2012-06-01 03:37","22.4","1.9","80","20.6","80","2012-06-29 02:23","625.6","134.5","16","18.0","2012-06-16 14:11","77.0","2012-06-16 13:36","277.5","2012-06-12 00:00","73","88.8","77.0","332.50","...","...","...","8.2","taipei"
"07","1004.3","1005.0","1010.8","2012-07-01 22:06","992.9","2012-07-31 16:12","30.6","38.3","2012-07-10 11:38","24.7","2012-07-16 14:52","23.0","2.4","280","18.5","80","2012-07-31 23:27","162.8","45.1","8","15.5","2012-07-16 13:30","39.5","2012-07-16 13:18","69.5","2012-07-16 00:00","65","165.0","206.8","526.28","...","...","...","5.6","taipei"
"08","1001.7","1002.4","1010.5","2012-08-17 23:10","982.7","2012-08-02 04:54","29.2","37.8","2012-08-08 12:55","24.1","2012-08-31 04:17","24.3","2.5","80","22.2","30","2012-08-01 23:32","518.9","107.9","19","16.5","2012-08-12 13:29","64.0","2012-08-12 13:25","158.0","2012-08-02 00:00","75","129.8","158.7","429.09","...","...","...","6.9","taipei"
"09","1009.6","1010.3","1016.0","2012-09-30 08:54","1002.7","2012-09-28 15:30","27.3","35.5","2012-09-10 12:06","19.6","2012-09-30 03:57","21.4","2.5","80","16.6","30","2012-09-28 15:39","85.0","57.8","11","9.0","2012-09-15 07:57","17.0","2012-09-15 07:32","29.0","2012-09-15 00:00","70","106.3","140.2","337.33","...","...","...","6.5","taipei"
"10","1014.2","1014.9","1019.5","2012-10-19 08:20","1008.1","2012-10-03 16:11","24.1","32.0","2012-10-27 13:46","18.9","2012-10-31 05:02","17.4","2.8","80","14.9","80","2012-10-05 14:50","64.0","46.5","7","3.0","2012-10-31 12:13","7.5","2012-10-31 11:56","39.0","2012-10-31 00:00","67","72.0","154.7","343.01","...","...","...","5.8","taipei"
"11","1015.8","1016.6","1022.1","2012-11-26 21:00","1008.2","2012-11-22 14:17","21.2","32.1","2012-11-10 13:18","13.7","2012-11-27 01:40","16.2","3.0","80","16.3","80","2012-11-26 08:10","232.7","172.1","15","5.0","2012-11-30 08:03","21.5","2012-11-22 09:25","46.0","2012-11-22 00:00","74","54.0","80.9","195.61","...","...","...","7.9","taipei"
"12","1018.6","1019.4","1028.5","2012-12-23 20:58","1010.5","2012-12-29 14:34","17.8","27.8","2012-12-15 13:45","8.6","2012-12-30 21:04","13.7","2.9","80","16.7","80","2012-12-06 10:50","189.4","177.6","18","5.8","2012-12-30 00:46","9.3","2012-12-30 00:46","40.0","2012-12-01 00:00","77","38.6","74.1","159.52","...","...","...","8.2","taipei"
"01","1020.3","1021.1","1031.0","2013-01-18 08:55","1010.4","2013-01-13 04:33","16.7","27.0","2013-01-31 14:51","11.6","2013-01-18 07:04","12.0","2.6","80","16.4","90","2013-01-28 13:13","93.0","171.4","13","2.5","2013-01-12 12:37","7.5","2013-01-12 12:02","20.5","2013-01-12 00:00","75","41.5","79.1","186.92","...","...","...","7.8","taipei"
"02","1018.5","1019.3","1026.4","2013-02-23 09:45","1010.3","2013-02-18 14:49","18.8","28.8","2013-02-04 12:29","13.0","2013-02-09 01:04","14.1","2.6","80","16.6","80","2013-02-06 12:56","34.4","66.7","5","4.5","2013-02-27 13:24","14.5","2013-02-27 12:56","30.0","2013-02-27 00:00","75","48.1","69.9","204.44","...","...","...","8.1","taipei"
"03","1015.8","1016.6","1025.8","2013-03-02 10:31","1005.9","2013-03-18 14:21","19.9","29.9","2013-03-18 13:16","10.4","2013-03-04 05:46","13.9","2.6","80","16.7","90","2013-03-20 21:06","49.1","69.3","11","3.5","2013-03-28 19:10","11.5","2013-03-28 19:10","18.0","2013-03-28 00:00","69","74.3","117.7","296.06","...","...","...","7.0","taipei"
"04","1012.3","1013.1","1021.5","2013-04-12 10:11","1000.3","2013-04-05 14:35","21.1","32.6","2013-04-30 14:51","13.4","2013-04-12 16:29","16.2","2.1","80","15.4","70","2013-04-07 14:10","253.0","197.5","21","5.5","2013-04-05 10:48","9.5","2013-04-05 10:45","33.0","2013-04-12 00:00","74","54.6","53.6","211.35","...","...","...","8.7","taipei"
"05","1008.5","1009.2","1015.8","2013-05-04 21:01","1001.4","2013-05-19 15:53","26.0","36.1","2013-05-30 12:26","14.4","2013-05-01 11:48","20.4","1.9","80","14.6","80","2013-05-01 11:02","338.4","96.5","16","13.5","2013-05-22 15:14","35.0","2013-05-11 04:32","155.5","2013-05-11 00:00","72","73.8","77.4","368.64","...","...","...","7.8","taipei"
"06","1005.3","1006.0","1012.3","2013-06-05 11:27","998.5","2013-06-08 15:18","29.2","36.7","2013-06-27 10:48","22.9","2013-06-04 12:10","22.8","1.8","90","19.0","280","2013-06-04 12:06","203.1","48.5","15","28.5","2013-06-04 12:01","56.5","2013-06-23 15:40","68.5","2013-06-23 00:00","69","106.7","107.9","529.67","...","...","...","7.3","taipei"
"07","1007.0","1007.7","1012.7","2013-07-08 06:58","956.4","2013-07-13 03:38","29.5","37.9","2013-07-30 12:46","24.2","2013-07-13 05:01","22.8","1.7","160","33.8","50","2013-07-13 03:32","240.5","42.0","11","14.5","2013-07-07 14:41","29.5","2013-07-06 14:16","63.5","2013-07-13 00:00","68","129.0","156.7","604.21","...","...","...","6.0","taipei"
"08","1004.6","1005.3","1013.1","2013-08-03 21:44","978.9","2013-08-21 18:10","29.6","39.3","2013-08-08 13:58","24.5","2013-08-31 21:09","22.8","1.8","160","16.7","110","2013-08-01 19:29","808.7","108.2","13","18.0","2013-08-14 16:05","67.0","2013-08-23 14:56","219.5","2013-08-21 00:00","68","107.4","159.6","543.07","...","...","...","6.0","taipei"
"09","1008.6","1009.3","1014.9","2013-09-26 09:27","995.8","2013-09-22 04:22","27.9","35.8","2013-09-14 11:41","21.2","2013-09-02 03:09","21.0","3.3","90","20.9","80","2013-09-21 15:41","143.1","94.9","10","8.5","2013-09-21 05:12","16.0","2013-09-21 05:06","43.5","2013-09-21 00:00","67","118.6","194.1","552.53","...","...","...","5.3","taipei"
"10","1013.4","1014.1","1021.7","2013-10-16 09:22","997.0","2013-10-06 14:08","24.2","32.2","2013-10-08 14:50","17.8","2013-10-27 04:20","17.8","2.6","80","21.2","320","2013-10-06 11:16","102.4","105.6","12","3.0","2013-10-06 00:10","10.0","2013-10-06 00:11","51.5","2013-10-06 00:00","68","74.0","97.1","344.14","...","...","...","7.4","taipei"
"11","1017.7","1018.5","1026.9","2013-11-29 09:00","1010.1","2013-11-24 14:24","21.2","31.6","2013-11-09 13:44","11.7","2013-11-29 04:33","14.9","3.1","80","15.4","70","2013-11-01 12:11","46.0","77.8","11","2.0","2013-11-25 01:07","6.5","2013-11-25 00:31","17.5","2013-11-25 00:00","68","60.9","90.7","283.02","...","...","...","7.1","taipei"
"12","1019.2","1020.0","1026.7","2013-12-24 09:32","1009.4","2013-12-16 13:45","16.4","26.4","2013-12-08 13:56","9.9","2013-12-28 04:46","11.0","2.6","80","14.2","60","2013-12-01 14:42","229.7","249.8","20","3.0","2013-12-18 03:14","11.5","2013-12-15 09:53","58.0","2013-12-17 00:00","71","40.7","57.6","168.44","...","...","...","8.4","taipei"
"01","1021.1","1021.9","1030.5","2014-01-18 21:07","1011.3","2014-01-03 14:19","16.8","26.8","2014-01-30 13:57","10.3","2014-01-22 03:46","9.3","2.3","80","14.5","110","2014-01-19 13:12","21.8","49.8","5","2.5","2014-01-08 13:04","4.5","2014-01-08 12:55","11.5","2014-01-14 00:00","62","61.9","144.5","313.17","...","...","...","5.3","taipei"
"02","1017.7","1018.5","1028.7","2014-02-20 21:25","1007.0","2014-02-02 15:22","16.5","27.5","2014-02-28 12:57","7.8","2014-02-11 02:33","11.1","2.0","80","13.8","80","2014-02-21 16:52","198.0","199.1","14","2.5","2014-02-09 12:35","6.5","2014-02-09 03:25","84.5","2014-02-09 00:00","71","41.4","81.2","243.95","...","...","...","7.5","taipei"
"03","1017.5","1018.3","1025.6","2014-03-14 20:54","1005.5","2014-03-29 14:27","18.9","32.3","2014-03-28 11:46","11.8","2014-03-21 06:28","13.6","2.3","80","14.1","100","2014-03-10 11:57","147.0","131.2","14","7.0","2014-03-29 19:58","18.0","2014-03-13 04:01","21.5","2014-03-13 00:00","72","76.6","66.9","286.31","...","...","...","7.8","taipei"
"04","1013.4","1014.2","1020.7","2014-04-06 07:48","1007.7","2014-04-12 15:32","22.5","33.3","2014-04-18 11:59","16.7","2014-04-05 05:56","18.0","2.4","80","14.4","70","2014-04-06 14:36","98.1","80.4","12","8.5","2014-04-26 16:39","17.5","2014-04-26 16:11","35.0","2014-04-26 00:00","77","80.7","99.5","388.88","...","...","...","7.0","taipei"
"05","1009.6","1010.4","1019.8","2014-05-05 21:35","999.9","2014-05-14 16:02","25.2","35.6","2014-05-14 11:21","15.1","2014-05-06 02:11","21.4","1.7","80","17.4","280","2014-05-14 13:58","634.7","174.2","21","16.0","2014-05-20 20:46","71.0","2014-05-20 22:46","242.0","2014-05-21 00:00","81","54.0","45.9","320.54","...","...","...","8.4","taipei"
"06","1004.0","1004.7","1010.1","2014-06-30 21:41","998.7","2014-06-10 03:12","28.0","36.3","2014-06-17 14:21","23.1","2014-06-06 05:38","23.3","1.7","80","14.2","270","2014-06-17 10:37","384.4","96.4","20","19.0","2014-06-29 23:28","36.0","2014-06-06 00:46","79.5","2014-06-06 00:00","76","76.7","57.4","363.11","...","...","...","7.8","taipei"
"07","1004.5","1005.2","1011.3","2014-07-26 07:51","987.7","2014-07-23 03:41","30.5","37.8","2014-07-13 12:15","24.4","2014-07-26 04:02","23.9","2.1","70","26.5","90","2014-07-23 06:31","222.1","55.4","9","17.0","2014-07-31 05:03","33.0","2014-07-31 04:28","54.5","2014-07-25 00:00","68","137.4","178.3","609.31","...","...","...","5.1","taipei"
"08","1006.1","1006.8","1013.8","2014-08-28 00:45","994.2","2014-08-01 15:02","30.2","37.7","2014-08-02 13:10","24.7","2014-08-19 16:50","23.5","1.6","150","13.1","290","2014-08-01 10:50","84.0","22.0","10","9.0","2014-08-13 13:57","27.0","2014-08-13 13:24","33.5","2014-08-13 00:00","68","125.4","171.3","548.35","...","...","...","5.6","taipei"
"09","1007.8","1008.5","1014.4","2014-09-27 08:11","995.9","2014-09-21 14:26","29.7","37.8","2014-09-16 13:15","23.7","2014-09-29 05:37","23.7","2.5","80","20.2","90","2014-09-15 11:43","198.9","37.4","7","11.0","2014-09-22 04:42","44.5","2014-09-22 04:08","97.5","2014-09-22 00:00","71","136.4","201.9","547.36","...","...","...","5.4","taipei"
"10","1013.9","1015.3","1021.0","2014-10-16 08:44","1006.7","2014-10-10 14:28","24.7","33.7","2014-10-21 13:14","17.5","2014-10-16 04:57","19.0","2.7","80","14.7","80","2014-10-27 11:51","25.5","49.0","6","3.0","2014-10-09 07:18","6.0","2014-10-09 06:56","11.0","2014-10-09 00:00","71","85.2","125.3","382.67","...","...","...","5.8","taipei"
"11","1014.3","1017.9","1021.3","2014-11-18 20:43","1007.2","2014-11-30 14:42","22.3","31.6","2014-11-29 13:41","16.8","2014-11-18 01:15","17.5","2.5","80","12.9","70","2014-11-26 15:12","46.0","81.6","8","2.0","2014-11-09 09:06","5.0","2014-11-09 08:40","14.0","2014-11-13 00:00","75","53.8","99.3","263.07","4","7","2014-11-01 12:00","6.7","taipei"
"12","1019.5","1023.2","1028.6","2014-12-17 09:08","1011.0","2014-12-03 18:09","16.5","24.9","2014-12-03 11:11","11.0","2014-12-17 16:23","10.9","2.8","80","15.9","90","2014-12-06 13:19","86.8","153.1","14","3.5","2014-12-04 02:02","9.5","2014-12-04 01:39","27.0","2014-12-04 00:00","70","49.3","60.5","185.07","...","...","...","7.9","taipei"
"01","1018.7","1022.4","1027.1","2015-01-01 09:03","1010.3","2015-01-06 13:23","16.7","24.8","2015-01-24 14:47","10.3","2015-01-23 04:36","10.3","2.8","80","15.0","70","2015-01-19 09:10","20.0","51.2","6","1.0","2015-01-27 02:19","3.5","2015-01-14 02:10","10.0","2015-01-27 00:00","67","56.5","95.7","261.66","3","5","2015-01-16 13:00","6.9","taipei"
"02","1016.8","1020.4","1026.0","2015-02-09 09:32","1008.6","2015-02-25 16:27","17.3","27.6","2015-02-15 11:54","9.8","2015-02-09 06:03","12.0","2.3","80","14.6","60","2015-02-27 13:08","90.0","77.9","11","8.5","2015-02-24 06:22","21.0","2015-02-24 03:24","55.5","2015-02-24 00:00","72","58.0","78.9","270.66","...","...","...","7.7","taipei"
"03","1015.5","1019.1","1026.0","2015-03-25 20:11","1005.4","2015-03-18 14:34","18.9","31.7","2015-03-31 11:56","11.4","2015-03-11 01:18","15.4","2.3","80","14.5","70","2015-03-24 18:21","182.0","159.2","13","3.5","2015-03-23 12:12","9.5","2015-03-23 12:08","48.5","2015-03-23 00:00","80","58.3","89.3","281.66","...","...","...","7.8","taipei"
"04","1011.2","1014.7","1019.9","2015-04-08 09:50","1000.3","2015-04-20 04:08","22.7","34.5","2015-04-06 14:56","13.6","2015-04-15 05:55","17.9","2.3","80","17.6","80","2015-04-20 19:49","87.6","82.9","10","4.7","2015-04-20 21:31","9.7","2015-04-20 20:45","21.2","2015-04-11 00:00","75","91.5","112.9","446.99","...","...","...","7.1","taipei"
"05","1006.1","1009.5","1012.1","2015-05-21 10:03","998.3","2015-05-28 16:03","26.1","36.5","2015-05-30 13:45","18.1","2015-05-05 04:11","21.8","1.7","80","14.4","80","2015-05-10 12:31","302.8","148.8","18","9.0","2015-05-12 04:37","38.6","2015-05-12 03:48","61.9","2015-05-12 00:00","78","87.3","82.1","376.46","...","...","...","7.8","taipei"
"06","1004.3","1007.8","1008.2","2015-06-14 22:30","998.4","2015-06-30 16:45","30.0","37.1","2015-06-19 12:54","24.5","2015-06-21 17:22","24.5","1.5","160","15.5","120","2015-06-13 14:57","248.3","38.5","9","23.5","2015-06-21 16:53","54.0","2015-06-14 14:42","65.8","2015-06-14 00:00","73","128.2","146.9","557.45","8","9","2015-06-19 13:00","6.4","taipei"
"07","1001.2","1004.6","1010.0","2015-07-31 07:43","986.9","2015-07-11 02:08","30.0","37.5","2015-07-02 15:02","24.2","2015-07-28 19:18","24.1","2.0","80","19.0","350","2015-07-10 13:42","316.8","55.7","13","22.5","2015-07-23 13:33","53.0","2015-07-23 13:19","91.0","2015-07-10 00:00","72","147.1","169.4","606.46","...","...","...","5.8","taipei"
"08","1002.3","1005.7","1010.3","2015-08-02 07:59","970.8","2015-08-08 08:33","28.6","36.2","2015-08-13 11:39","23.9","2015-08-08 05:27","23.8","2.2","80","39.2","90","2015-08-08 05:25","728.2","141.2","23","18.0","2015-08-18 15:59","52.0","2015-08-08 03:33","306.7","2015-08-08 00:00","76","93.1","121.8","462.42","...","...","...","6.7","taipei"
"09","1006.8","1010.2","1013.8","2015-09-17 21:47","982.7","2015-09-28 17:16","27.4","36.6","2015-09-06 14:05","22.4","2015-09-19 05:24","22.1","2.3","60","37.1","20","2015-09-28 16:56","309.9","87.7","14","14.4","2015-09-28 19:44","37.9","2015-09-28 17:39","203.9","2015-09-28 00:00","74","98.1","151.2","462.30","...","...","...","6.3","taipei"
"10","1011.5","1015.0","1020.7","2015-10-31 08:50","1002.3","2015-10-20 14:12","25.2","34.3","2015-10-03 12:09","20.4","2015-10-11 05:12","21.0","3.1","60","15.5","50","2015-10-25 13:35","135.3","91.1","11","15.5","2015-10-02 02:47","54.0","2015-10-02 02:21","58.8","2015-10-02 00:00","78","92.5","111.6","373.57","...","...","...","6.6","taipei"
"11","1014.7","1018.3","1024.1","2015-11-27 08:42","1008.9","2015-11-16 15:06","23.5","33.1","2015-11-17 13:54","13.5","2015-11-26 22:32","19.6","2.9","60","15.7","50","2015-11-22 12:57","22.6","52.0","9","2.8","2015-11-11 13:20","5.6","2015-11-11 13:04","8.6","2015-11-11 00:00","79","66.7","107.2","308.63","...","...","...","6.6","taipei"
"12","1017.9","1021.5","1026.5","2015-12-28 10:24","1007.4","2015-12-10 03:28","18.9","30.5","2015-12-22 14:01","11.3","2015-12-17 16:29","15.1","2.9","60","15.0","50","2015-12-19 12:07","75.7","114.6","11","5.0","2015-12-10 04:12","15.5","2015-12-10 03:57","28.5","2015-12-10 00:00","79","44.0","39.3","182.96","...","...","...","8.5","taipei"
"01","1017.8","1021.5","1033.5","2016-01-24 09:01","1004.4","2016-01-17 14:04","16.2","24.5","2016-01-05 12:15","4.0","2016-01-24 05:19","13.4","2.1","60","15.5","70","2016-01-31 13:05","256.0","227.3","20","4.1","2016-01-06 07:17","13.5","2016-01-06 07:04","36.5","2016-01-23 00:00","84","35.4","27.1","149.47","...","...","...","9.1","taipei"
"02","1019.4","1023.1","1028.6","2016-02-25 08:49","1006.8","2016-02-13 14:01","15.5","30.5","2016-02-13 13:38","6.1","2016-02-08 05:35","11.7","2.2","60","15.8","70","2016-02-29 11:35","78.9","232.9","17","2.0","2016-02-02 03:30","4.5","2016-02-02 03:25","14.0","2016-02-01 00:00","80","42.7","80.1","206.73","...","...","...","7.8","taipei"
"03","1015.1","1018.7","1025.9","2016-03-01 00:02","1005.6","2016-03-08 18:08","17.5","29.4","2016-03-05 13:46","9.4","2016-03-28 05:53","12.7","2.0","60","15.2","60","2016-03-01 12:04","285.7","245.4","19","10.5","2016-03-19 09:22","15.5","2016-03-19 09:21","45.0","2016-03-10 00:00","75","50.9","90.3","286.97","...","...","...","8.0","taipei"
"04","1009.2","1012.7","1018.0","2016-04-19 08:35","999.5","2016-04-13 13:15","24.0","33.2","2016-04-23 11:12","17.1","2016-04-18 16:23","19.3","1.7","60","17.0","310","2016-04-18 04:47","184.4","112.7","14","17.0","2016-04-27 02:29","36.0","2016-04-27 02:25","56.3","2016-04-13 00:00","76","64.3","81.9","366.10","...","...","...","8.1","taipei"
"05","1007.5","1011.0","1013.5","2016-05-13 22:07","1001.1","2016-05-29 15:26","27.1","37.3","2016-05-31 15:14","19.0","2016-05-17 00:47","21.3","2.0","60","14.6","50","2016-05-13 14:38","186.7","87.0","15","14.4","2016-05-16 06:10","57.1","2016-05-16 05:43","68.6","2016-05-16 00:00","71","93.3","104.0","465.62","...","...","...","7.8","taipei"
"06","1004.6","1008.1","1012.6","2016-06-29 23:22","997.2","2016-06-01 16:25","29.4","38.7","2016-06-01 14:46","24.1","2016-06-15 02:31","23.6","1.5","160","14.5","270","2016-06-13 14:47","429.8","89.3","21","17.8","2016-06-28 13:52","36.3","2016-06-28 13:35","82.5","2016-06-17 00:00","72","117.4","125.6","495.86","...","...","...","7.4","taipei"
"07","1003.5","1007.0","1009.0","2016-07-21 08:09","990.4","2016-07-09 04:31","30.3","38.5","2016-07-28 12:22","23.9","2016-07-18 15:21","24.0","2.0","160","19.1","50","2016-07-08 22:05","174.6","55.9","13","18.5","2016-07-10 12:33","38.5","2016-07-10 12:17","43.7","2016-07-10 00:00","70","132.8","192.7","601.47","...","...","...","5.6","taipei"
"08","1000.5","1004.0","1006.9","2016-08-03 21:55","996.4","2016-08-15 15:42","30.1","37.8","2016-08-04 13:10","24.6","2016-08-31 05:31","23.2","1.9","160","19.6","90","2016-08-01 10:22","141.4","40.4","14","13.0","2016-08-07 10:22","25.0","2016-08-27 14:32","35.5","2016-08-27 00:00","67","132.9","187.5","579.39","...","...","...","5.7","taipei"
"09","1003.4","1006.9","1013.1","2016-09-21 08:20","974.3","2016-09-27 13:57","27.8","35.9","2016-09-16 12:06","23.6","2016-09-20 06:58","23.0","2.7","60","37.7","10","2016-09-27 13:57","428.5","129.2","22","15.5","2016-09-10 15:17","33.0","2016-09-27 13:23","181.5","2016-09-27 00:00","76","65.7","90.8","360.45","...","...","...","7.7","taipei"
"10","1008.4","1011.9","1021.0","2016-10-30 09:08","999.6","2016-10-21 00:25","27.0","35.4","2016-10-02 12:24","21.4","2016-10-30 03:36","22.2","2.9","50","20.8","80","2016-10-20 19:36","137.6","160.6","16","8.7","2016-10-06 04:29","12.0","2016-10-22 16:37","22.0","2016-10-09 00:00","75","78.6","132.1","391.00","...","...","...","6.8","taipei"
"11","1014.3","1017.8","1021.5","2016-11-28 09:03","1007.3","2016-11-05 13:10","22.6","32.5","2016-11-13 14:03","17.6","2016-11-24 05:22","17.6","2.8","50","18.6","50","2016-11-01 22:55","111.6","112.3","11","2.5","2016-11-21 02:12","9.0","2016-11-23 05:23","35.1","2016-11-23 00:00","74","59.2","86.4","274.58","...","...","...","7.6","taipei"
"12","1016.7","1020.3","1025.9","2016-12-16 08:51","1009.2","2016-12-13 13:59","20.1","30.6","2016-12-21 13:13","12.6","2016-12-28 00:01","14.7","3.2","50","15.4","50","2016-12-23 13:07","16.5","66.6","6","1.5","2016-12-22 09:14","2.5","2016-12-22 08:30","6.0","2016-12-10 00:00","71","61.6","84.8","236.92","...","...","...","7.0","taipei"
"01","1017.4","1021.0","1026.8","2017-01-22 09:28","1006.8","2017-01-07 14:39","18.3","27.3","2017-01-04 14:43","12.2","2017-01-20 15:19","13.5","3.0","50","15.9","40","2017-01-11 15:53","21.8","74.1","11","0.7","2017-01-20 02:03","2.0","2017-01-14 07:30","8.5","2017-01-14 00:00","74","53.3","79.2","246.72","...","...","...","7.6","taipei"
"02","1017.9","1021.6","1028.3","2017-02-14 09:05","1008.9","2017-02-04 14:54","17.0","27.9","2017-02-19 13:53","10.4","2017-02-10 03:30","11.0","2.9","50","17.1","50","2017-02-06 15:47","123.7","86.3","8","5.2","2017-02-24 02:01","9.5","2017-02-22 12:07","44.2","2017-02-24 00:00","69","61.3","70.0","249.12","...","...","...","7.7","taipei"
"03","1014.0","1017.6","1022.1","2017-03-26 23:26","1006.5","2017-03-06 01:26","18.2","29.3","2017-03-30 12:46","12.0","2017-03-07 19:03","13.5","2.2","50","15.3","50","2017-03-21 12:29","182.7","156.9","18","4.2","2017-03-06 01:35","7.9","2017-03-06 00:57","32.5","2017-03-10 00:00","75","70.3","60.8","270.10","...","...","...","8.5","taipei"
"04","1010.1","1013.7","1021.4","2017-04-02 09:32","998.9","2017-04-10 15:01","22.5","35.5","2017-04-10 13:28","11.5","2017-04-02 04:53","15.6","1.9","50","13.9","50","2017-04-11 21:19","121.5","107.5","13","6.0","2017-04-19 12:30","12.5","2017-04-21 19:13","27.5","2017-04-21 00:00","66","78.0","105.6","395.06","...","...","...","7.3","taipei"
"05","1007.3","1010.8","1014.1","2017-05-06 22:22","999.1","2017-05-31 15:22","25.6","35.0","2017-05-11 11:36","19.7","2017-05-27 15:18","20.4","2.5","50","14.5","60","2017-05-07 16:16","135.5","92.9","16","8.0","2017-05-15 14:55","24.0","2017-05-15 14:45","42.0","2017-05-15 00:00","73","89.7","83.8","438.10","...","...","...","8.5","taipei"
"06","1004.0","1007.5","1008.7","2017-06-28 22:28","995.8","2017-06-02 01:43","28.0","35.6","2017-06-28 13:54","22.0","2017-06-15 07:58","22.9","1.5","160","13.6","240","2017-06-01 14:29","649.7","156.0","16","20.5","2017-06-02 11:12","84.0","2017-06-02 11:12","163.0","2017-06-02 00:00","75","75.7","83.8","387.80","...","...","...","8.6","taipei"
"07","1004.4","1007.8","1010.6","2017-07-18 06:41","975.9","2017-07-29 21:27","30.3","38.0","2017-07-19 12:04","24.2","2017-07-03 14:44","22.4","1.8","160","41.9","60","2017-07-29 22:05","206.6","54.6","12","19.5","2017-07-03 14:30","30.4","2017-07-09 15:03","38.2","2017-07-29 00:00","64","106.2","165.3","572.92","...","...","...","6.8","taipei"
"08","1003.3","1006.7","1010.3","2017-08-27 21:30","995.0","2017-08-22 03:50","31.1","38.5","2017-08-07 13:57","25.4","2017-08-02 15:26","23.4","2.2","50","16.0","70","2017-08-22 08:52","166.2","19.8","11","20.5","2017-08-02 14:52","85.5","2017-08-02 14:21","101.0","2017-08-02 00:00","64","124.4","208.3","467.62","...","...","...","6.4","taipei"
"09","1006.0","1009.5","1012.7","2017-09-29 21:46","999.9","2017-09-06 13:54","29.6","38.6","2017-09-27 13:18","23.2","2017-09-18 05:17","22.1","2.0","50","15.9","50","2017-09-12 15:30","175.6","77.8","9","8.4","2017-09-08 14:20","21.4","2017-09-08 13:48","52.5","2017-09-03 00:00","65","121.2","167.3","440.33","...","...","...","6.7","taipei"
"10","1010.2","1013.7","1022.5","2017-10-30 07:58","999.7","2017-10-14 15:43","25.6","36.8","2017-10-01 12:23","18.7","2017-10-30 21:50","20.1","2.8","50","17.9","50","2017-10-13 18:55","368.6","156.4","22","12.8","2017-10-12 10:33","34.7","2017-10-12 10:25","118.2","2017-10-12 00:00","73","69.8","101.0","293.23","...","...","...","7.9","taipei"
"11","1013.7","1017.3","1022.8","2017-11-24 08:56","1004.8","2017-11-17 13:36","22.5","32.4","2017-11-07 13:23","16.2","2017-11-23 05:04","18.1","2.8","50","14.2","50","2017-11-27 11:06","120.9","126.2","19","3.5","2017-11-03 00:38","11.5","2017-11-13 03:35","29.5","2017-11-13 00:00","77","58.5","55.6","193.87","...","...","...","8.6","taipei"
"12","1017.9","1021.5","1027.1","2017-12-20 08:59","1009.7","2017-12-23 13:56","17.8","26.4","2017-12-23 13:18","12.7","2017-12-10 04:41","13.0","3.1","50","15.9","60","2017-12-21 12:04","66.9","176.0","18","1.1","2017-12-02 06:36","3.9","2017-12-07 12:40","22.1","2017-12-07 00:00","74","45.4","56.4","179.95","3","6","2017-12-23 12:00","8.3","taipei"
"01","1015.8","1019.4","1027.9","2018-01-12 09:59","1008.0","2018-01-08 14:25","16.9","26.6","2018-01-16 13:47","8.6","2018-01-12 04:01","12.9","3.0","50","15.5","50","2018-01-26 14:01","255.8","189.0","13","5.0","2018-01-08 09:43","12.6","2018-01-08 09:26","76.1","2018-01-08 00:00","79","56.4","78.6","233.71","...","...","...","7.7","taipei"
"02","1017.0","1020.6","1025.9","2018-02-12 09:30","1009.2","2018-02-28 15:35","15.6","29.5","2018-02-15 13:00","7.6","2018-02-05 05:07","11.6","2.0","50","15.7","40","2018-02-17 12:28","163.6","200.3","15","3.1","2018-02-28 13:44","10.6","2018-02-28 13:24","28.0","2018-02-04 00:00","79","42.2","54.5","165.94","4","8","2018-02-15 13:00","8.5","taipei"
"03","1013.2","1016.7","1022.0","2018-03-09 09:23","1005.1","2018-03-19 15:23","20.6","30.7","2018-03-29 13:23","11.0","2018-03-10 05:27","14.4","2.3","50","13.9","40","2018-03-30 15:37","37.3","52.2","10","1.3","2018-03-20 09:20","5.0","2018-03-08 03:33","25.3","2018-03-08 00:00","69","103.9","161.1","414.96","...","...","...","6.2","taipei"
"04","1011.0","1014.5","1023.2","2018-04-07 09:55","1003.4","2018-04-23 16:45","23.5","34.3","2018-04-23 12:11","13.6","2018-04-07 07:04","16.6","2.2","50","15.0","50","2018-04-16 11:05","59.6","52.1","9","4.5","2018-04-12 17:24","12.7","2018-04-12 17:19","17.1","2018-04-12 00:00","66","101.2","115.8","393.13","...","...","...","7.5","taipei"
"05","1007.4","1010.8","1016.1","2018-05-10 08:34","1001.8","2018-05-18 15:59","28.2","38.2","2018-05-27 11:17","20.0","2018-05-03 13:38","20.7","2.0","190","14.4","80","2018-05-23 13:58","42.0","10.3","4","11.9","2018-05-08 02:18","19.4","2018-05-08 02:18","32.1","2018-05-08 00:00","64","136.0","137.3","474.16","...","...","...","7.2","taipei"
"06","1002.5","1005.9","1010.2","2018-06-01 21:48","994.0","2018-06-14 03:27","28.5","37.8","2018-06-28 13:26","22.2","2018-06-01 21:01","22.0","2.4","80","14.3","80","2018-06-01 15:07","119.8","62.8","13","18.2","2018-06-30 14:10","32.0","2018-06-30 13:50","32.0","2018-06-30 00:00","69","114.5","105.7","429.92","...","...","...","8.1","taipei"
"07","1000.8","1004.3","1005.8","2018-07-09 08:16","984.8","2018-07-11 02:46","30.3","38.5","2018-07-06 13:34","24.9","2018-07-11 04:50","22.7","2.5","80","20.9","310","2018-07-10 23:39","190.3","39.4","8","15.0","2018-07-21 07:18","20.0","2018-07-21 06:52","71.6","2018-07-11 00:00","65","146.4","186.1","547.94","...","...","...","6.4","taipei"
"08","999.2","1002.7","1009.7","2018-08-31 06:57","990.6","2018-08-23 15:38","29.5","37.2","2018-08-02 13:44","24.3","2018-08-31 01:00","23.3","1.7","80","13.8","60","2018-08-03 15:08","186.8","53.4","19","12.5","2018-08-17 16:25","35.0","2018-08-17 16:05","35.0","2018-08-17 00:00","70","111.9","128.0","417.23","...","...","...","7.6","taipei"
"09","1005.8","1009.2","1011.7","2018-09-18 08:03","998.3","2018-09-04 14:56","28.2","37.8","2018-09-17 13:18","20.4","2018-09-30 04:45","22.0","2.3","80","19.7","80","2018-09-15 17:44","321.9","127.7","18","21.0","2018-09-08 17:39","96.5","2018-09-08 17:35","144.5","2018-09-08 00:00","70","104.1","148.1","396.83","...","...","...","7.2","taipei"
"10","1012.6","1016.2","1018.8","2018-10-20 09:10","1004.4","2018-10-05 13:42","23.3","31.2","2018-10-01 12:03","16.1","2018-10-29 04:41","17.6","2.7","90","16.9","90","2018-10-30 10:20","125.1","142.5","19","6.9","2018-10-10 17:57","10.5","2018-10-10 17:57","31.3","2018-10-17 00:00","71","77.3","103.8","290.66","...","...","...","7.3","taipei"
"11","1014.5","1018.0","1020.9","2018-11-29 09:43","1008.5","2018-11-12 14:35","22.7","30.8","2018-11-07 12:19","16.8","2018-11-23 04:00","17.6","2.8","80","14.6","80","2018-11-14 11:00","64.4","116.0","13","1.5","2018-11-23 07:42","3.7","2018-11-02 16:51","15.6","2018-11-02 00:00","74","57.0","91.0","248.54","...","...","...","7.5","taipei"
"12","1017.3","1020.9","1028.1","2018-12-29 08:07","1008.4","2018-12-26 12:56","19.5","30.5","2018-12-02 13:27","12.3","2018-12-18 02:33","14.6","3.0","80","14.9","80","2018-12-29 14:53","54.4","166.0","16","2.0","2018-12-23 09:51","5.5","2018-12-23 17:30","20.0","2018-12-23 00:00","75","46.9","91.1","218.47","...","...","...","7.2","taipei"
"01","1018.5","1022.1","1026.2","2019-01-01 09:02","1012.5","2019-01-11 14:57","18.5","28.6","2019-01-04 11:39","11.9","2019-01-23 01:13","13.8","2.9","80","15.2","70","2019-01-31 21:19","45.0","108.1","10","1.5","2019-01-16 08:33","2.8","2019-01-16 08:12","14.0","2019-01-16 00:00","74","56.3","78.0","225.44","...","...","...","7.7","taipei"
"02","1016.0","1019.6","1024.0","2019-02-11 08:50","1008.1","2019-02-06 14:46","18.8","31.3","2019-02-07 13:47","13.7","2019-02-23 05:44","14.9","2.7","90","14.2","60","2019-02-26 16:42","64.1","62.3","9","1.2","2019-02-24 00:22","5.6","2019-02-24 13:38","53.4","2019-02-24 00:00","79","54.7","55.5","216.08","...","...","...","8.2","taipei"
"03","1012.9","1016.5","1021.0","2019-03-15 09:11","1003.7","2019-03-28 16:57","19.8","32.9","2019-03-28 13:31","12.1","2019-03-07 20:35","15.0","2.6","80","15.9","100","2019-03-31 11:50","184.2","163.1","16","4.0","2019-03-29 22:31","13.0","2019-03-29 22:16","43.5","2019-03-09 00:00","75","68.6","76.3","267.69","...","...","...","8.0","taipei"
"04","1009.1","1012.6","1020.8","2019-04-01 10:22","1001.1","2019-04-30 14:41","24.2","35.9","2019-04-25 13:20","15.2","2019-04-01 05:58","19.6","2.1","80","14.3","70","2019-04-27 12:16","115.1","72.2","13","8.5","2019-04-21 04:34","18.5","2019-04-21 03:51","33.0","2019-04-21 00:00","76","82.0","105.0","340.22","...","...","...","7.6","taipei"
"05","1006.9","1010.4","1013.8","2019-05-03 09:41","999.2","2019-05-17 16:54","25.0","35.1","2019-05-19 13:31","17.9","2019-05-07 06:14","20.3","2.5","80","12.7","60","2019-05-03 16:17","335.8","132.4","17","21.5","2019-05-27 13:18","40.0","2019-05-20 09:57","77.4","2019-05-20 00:00","77","86.8","80.3","330.76","6","11","2019-05-30 12:00","8.5","taipei"
"06","1002.7","1006.1","1008.3","2019-06-17 21:12","995.7","2019-06-14 03:25","28.5","36.9","2019-06-20 14:09","22.3","2019-06-15 03:33","23.7","1.7","280","16.1","270","2019-06-09 12:37","419.5","111.9","16","10.5","2019-06-27 13:43","23.0","2019-06-14 03:44","111.5","2019-06-11 00:00","77","106.5","91.4","380.46","...","...","...","8.2","taipei"
"07","1001.6","1005.0","1006.8","2019-07-11 23:15","991.5","2019-07-18 13:19","30.3","37.4","2019-07-13 13:41","24.8","2019-07-23 04:34","24.5","1.9","180","16.5","290","2019-07-05 15:08","439.3","55.2","16","24.5","2019-07-22 15:17","98.3","2019-07-22 15:16","120.7","2019-07-22 00:00","73","128.7","145.5","489.42","...","...","...","7.4","taipei"
"08","999.5","1002.9","1008.3","2019-08-26 20:36","980.7","2019-08-09 16:41","30.5","37.8","2019-08-10 14:00","25.1","2019-08-20 04:15","24.4","2.6","100","21.7","270","2019-08-09 18:52","212.4","74.9","15","18.0","2019-08-21 14:13","68.0","2019-08-21 14:11","70.5","2019-08-21 00:00","72","148.2","186.8","515.15","...","...","...","6.5","taipei"
"09","1006.0","1009.5","1016.2","2019-09-24 08:50","993.1","2019-09-30 22:57","27.3","36.1","2019-09-11 12:08","19.8","2019-09-21 00:01","23.0","2.5","80","22.4","320","2019-09-30 23:17","377.1","166.9","15","8.0","2019-09-29 01:55","32.5","2019-09-28 07:50","101.5","2019-09-28 00:00","79","90.6","139.7","402.71","...","...","...","7.1","taipei"
"10","1011.9","1015.5","1019.8","2019-10-15 09:03","994.0","2019-10-01 00:01","25.3","34.8","2019-10-02 11:12","19.9","2019-10-22 05:50","19.9","2.7","70","17.1","320","2019-10-01 00:08","27.1","38.4","8","1.5","2019-10-01 00:26","6.0","2019-10-01 00:10","12.5","2019-10-01 00:00","74","107.8","159.0","478.47","...","...","...","6.0","taipei"
"11","1014.3","1017.9","1022.5","2019-11-28 21:08","1006.5","2019-11-06 13:46","22.0","31.1","2019-11-17 13:50","16.0","2019-11-29 02:08","17.0","3.2","80","16.6","80","2019-11-07 15:51","13.8","64.2","11","0.6","2019-11-25 14:20","1.4","2019-11-25 14:50","3.9","2019-11-21 00:00","75","71.9","102.9","324.38","...","...","...","6.9","taipei"
"12","1017.4","1021.0","1028.0","2019-12-31 09:41","1009.8","2019-12-25 14:33","19.1","29.5","2019-12-17 13:07","11.6","2019-12-08 04:18","14.6","2.7","100","14.9","100","2019-12-12 14:33","136.2","111.1","9","2.8","2019-12-20 21:57","6.0","2019-12-06 01:39","49.0","2019-12-06 00:00","77","55.2","80.8","255.32","...","...","...","7.6","taipei"
"01","1016.5","1020.1","1026.2","2020-01-01 09:37","1006.3","2020-01-26 15:02","17.9","29.4","2020-01-23 14:01","7.1","2020-01-31 05:08","13.2","2.3","100","16.5","70","2020-01-08 14:25","38.6","48.9","10","2.5","2020-01-26 07:39","7.0","2020-01-26 08:21","24.5","2020-01-26 00:00","75","52.7","113.2","306.90","...","...","...","7.2","taipei"
"02","1018.4","1022.0","1027.4","2020-02-17 20:29","1008.6","2020-02-15 14:50","18.7","31.6","2020-02-26 12:26","8.5","2020-02-01 05:35","13.2","2.3","100","16.3","110","2020-02-22 12:28","29.6","49.0","8","2.7","2020-02-07 06:27","3.6","2020-02-05 00:38","8.1","2020-02-04 00:00","72","61.8","126.0","364.83","...","...","...","6.7","taipei"
"03","1012.7","1016.3","1021.0","2020-03-05 09:46","1001.9","2020-03-09 15:12","20.8","34.2","2020-03-26 12:58","13.0","2020-03-15 05:53","15.8","2.4","100","14.7","120","2020-03-16 12:43","245.5","90.4","17","9.0","2020-03-28 08:16","23.5","2020-03-10 02:31","67.0","2020-03-13 00:00","75","65.8","87.1","364.91","...","...","...","7.6","taipei"
"04","1013.5","1017.1","1019.2","2020-04-04 21:13","1006.0","2020-04-19 15:45","20.9","33.6","2020-04-30 11:46","10.3","2020-04-13 05:24","15.3","2.5","100","15.9","70","2020-04-22 13:43","87.9","98.9","15","4.2","2020-04-02 04:27","6.5","2020-04-11 15:31","16.1","2020-04-23 00:00","73","70.3","93.6","367.41","...","...","...","7.8","taipei"
"05","1005.5","1009.0","1012.0","2020-05-13 08:36","998.3","2020-05-18 03:11","26.9","36.6","2020-05-09 12:43","21.8","2020-05-19 11:31","22.1","1.8","100","13.9","290","2020-05-18 11:06","405.8","112.5","15","9.5","2020-05-29 15:40","24.0","2020-05-21 18:26","120.0","2020-05-28 00:00","77","109.1","107.2","477.51","...","...","...","7.8","taipei"
"06","1004.1","1007.6","1010.9","2020-06-14 21:51","998.7","2020-06-21 17:02","30.5","38.9","2020-06-29 13:15","24.8","2020-06-02 03:52","23.3","1.6","280","14.5","70","2020-06-26 14:00","117.9","37.6","8","19.5","2020-06-14 16:33","50.5","2020-06-14 16:25","79.8","2020-06-14 00:00","68","139.1","150.6","609.14","...","...","...","7.6","taipei"
"07","1004.0","1007.4","1008.7","2020-07-21 09:08","998.2","2020-07-09 14:42","30.9","39.7","2020-07-24 14:19","24.6","2020-07-02 17:50","23.4","1.8","180","14.3","150","2020-07-29 17:33","133.5","21.1","9","12.0","2020-07-19 14:27","34.5","2020-07-26 14:42","57.5","2020-07-02 00:00","67","152.6","160.3","626.92","...","...","...","7.3","taipei"
"08","1003.3","1006.8","1011.9","2020-08-12 21:03","995.4","2020-08-25 14:54","30.2","38.5","2020-08-25 13:40","25.1","2020-08-04 03:17","23.5","2.0","80","15.4","140","2020-08-21 15:04","322.5","44.5","13","19.0","2020-08-27 14:45","59.5","2020-08-27 14:32","95.5","2020-08-27 00:00","70","144.1","193.5","615.97","...","...","...","6.7","taipei"
"09","1006.3","1009.7","1010.9","2020-09-27 08:53","997.4","2020-09-01 03:24","27.8","37.6","2020-09-02 12:44","20.5","2020-09-30 05:36","22.0","1.9","80","12.7","130","2020-09-04 16:53","129.5","52.5","15","6.0","2020-09-01 05:10","12.0","2020-09-24 21:32","39.5","2020-09-27 00:00","73","107.9","133.1","467.45","...","...","...","7.4","taipei"
"10","1011.2","1014.7","1018.5","2020-10-30 09:27","1002.8","2020-10-04 14:38","24.5","35.9","2020-10-04 12:45","18.7","2020-10-23 08:06","20.0","3.5","80","16.3","80","2020-10-24 11:44","25.5","50.1","11","1.0","2020-10-11 23:47","3.0","2020-10-12 00:02","7.5","2020-10-13 00:00","77","71.3","83.0","333.58","...","...","...","7.7","taipei"
"11","1015.0","1018.6","1022.3","2020-11-30 09:06","1006.3","2020-11-06 15:26","23.3","32.8","2020-11-18 13:23","17.9","2020-11-29 22:27","18.6","3.4","80","16.2","130","2020-11-07 00:37","21.5","28.0","10","3.5","2020-11-13 20:22","5.5","2020-11-13 19:38","11.0","2020-11-13 00:00","76","64.1","88.0","302.85","...","...","...","7.6","taipei"
"12","1016.8","1020.4","1027.3","2020-12-31 08:37","1008.3","2020-12-29 14:22","18.1","26.4","2020-12-29 11:38","7.6","2020-12-31 06:10","16.0","2.8","80","15.0","100","2020-12-28 13:50","145.0","124.6","24","2.0","2020-12-09 07:50","6.0","2020-12-11 11:03","27.0","2020-12-09 00:00","88","29.8","16.9","168.42","...","...","...","9.3","taipei"
"01","1017.4","1021.1","1024.7","2021-01-17 09:28","1006.0","2021-01-22 14:43","16.0","29.8","2021-01-21 14:37","6.8","2021-01-13 04:20","11.4","2.3","100","16.4","130","2021-01-29 13:32","41.0","89.0","10","1.5","2021-01-28 14:19","3.5","2021-01-28 14:19","14.5","2021-01-11 00:00","75","48.7","124.5","307.17","...","...","...","6.5","taipei"
"02","1014.2","1017.8","1026.1","2021-02-18 09:02","1004.5","2021-02-11 02:29","19.1","28.4","2021-02-25 10:56","11.9","2021-02-20 06:14","13.9","2.2","100","13.9","110","2021-02-09 12:25","46.5","46.8","7","3.0","2021-02-11 04:45","9.5","2021-02-11 04:27","23.5","2021-02-11 00:00","74","63.0","150.6","371.69","...","...","...","5.8","taipei"
"03","1013.1","1016.7","1023.7","2021-03-22 10:17","1001.8","2021-03-29 15:59","20.3","30.4","2021-03-30 12:26","11.9","2021-03-22 12:45","17.0","2.0","100","19.5","320","2021-03-06 08:35","77.5","62.1","8","4.5","2021-03-06 13:41","11.5","2021-03-06 13:36","33.5","2021-03-06 00:00","83","72.2","110.1","379.77","...","...","...","7.2","taipei"
"04","1011.1","1014.6","1018.8","2021-04-05 07:29","1001.5","2021-04-22 15:32","22.4","30.9","2021-04-02 12:13","15.9","2021-04-30 02:44","17.8","2.4","100","18.4","70","2021-04-18 09:40","60.0","36.7","4","5.0","2021-04-29 04:30","20.5","2021-04-29 03:58","39.5","2021-04-29 00:00","77","108.8","133.1","470.78","...","...","...","7.1","taipei"
"05","1006.3","1009.8","1014.3","2021-05-05 20:37","999.7","2021-05-30 13:02","28.2","38.2","2021-05-28 12:25","19.8","2021-05-05 20:21","23.0","1.7","300","14.6","80","2021-05-05 08:21","119.5","29.7","6","8.0","2021-05-30 14:33","17.0","2021-05-30 13:49","50.5","2021-05-31 00:00","74","120.0","141.3","531.82","...","...","...","7.7","taipei"
"06","1002.7","1006.1","1009.0","2021-06-12 22:54","995.8","2021-06-20 16:45","29.3","37.0","2021-06-18 14:54","21.8","2021-06-05 20:59","23.8","2.0","260","17.3","280","2021-06-16 11:44","316.5","55.0","10","23.0","2021-06-04 14:11","71.5","2021-06-04 13:25","156.0","2021-06-04 00:00","74","126.0","152.4","525.95","...","...","...","7.9","taipei"
"07","1001.2","1004.6","1010.0","2021-07-08 07:56","987.8","2021-07-24 03:57","30.3","37.8","2021-07-25 12:29","24.9","2021-07-24 06:48","24.4","2.0","170","17.5","300","2021-07-24 04:29","288.0","54.9","13","17.5","2021-07-31 13:01","45.5","2021-07-24 05:53","87.5","2021-07-24 00:00","72","143.9","217.2","628.22","...","...","...","6.9","taipei"
"08","1003.5","1007.0","1010.4","2021-08-16 07:48","991.4","2021-08-07 05:01","28.9","35.1","2021-08-13 11:38","24.3","2021-08-19 15:45","24.7","1.5","170","13.0","90","2021-08-13 14:06","409.0","54.9","17","25.0","2021-08-10 13:02","63.5","2021-08-10 12:57","132.0","2021-08-07 00:00","79","107.9","165.6","516.29","...","...","...","7.2","taipei"
"09","1006.1","1009.6","1012.5","2021-09-23 21:29","989.1","2021-09-12 12:58","29.5","35.4","2021-09-01 12:59","23.7","2021-09-29 05:52","23.7","2.2","90","17.6","120","2021-09-11 23:41","181.5","21.2","8","13.0","2021-09-16 11:26","25.0","2021-09-12 13:07","87.5","2021-09-12 00:00","72","144.3","225.4","576.86","...","...","...","5.1","taipei"
"10","1011.0","1014.5","1019.7","2021-10-17 08:25","997.3","2021-10-12 03:23","25.7","33.8","2021-10-04 12:01","19.1","2021-10-22 22:22","20.9","2.7","90","18.6","80","2021-10-11 21:47","245.0","103.9","12","13.5","2021-10-11 22:51","18.0","2021-10-11 11:30","91.0","2021-10-11 00:00","76","99.3","124.5","388.30","...","...","...","7.1","taipei"
"11","1014.0","1017.6","1021.0","2021-11-27 09:19","1005.5","2021-11-06 13:57","21.2","29.7","2021-11-05 11:14","13.9","2021-11-11 03:08","17.0","2.4","90","14.8","90","2021-11-29 14:57","70.0","73.7","12","11.0","2021-11-08 05:41","16.0","2021-11-08 05:39","23.0","2021-11-08 00:00","78","52.0","64.7","241.80","...","...","...","7.9","taipei"
"12","1018.5","1022.2","1027.7","2021-12-26 09:19","1008.6","2021-12-21 15:06","18.3","27.2","2021-12-15 13:45","12.3","2021-12-27 06:18","13.9","2.3","90","14.5","30","2021-12-17 20:42","54.0","93.3","9","1.5","2021-12-06 19:34","6.0","2021-12-06 20:47","18.0","2021-12-06 00:00","77","50.7","83.0","241.26","...","...","...","7.5","taipei"
"01","1016.4","1020.0","1023.6","2022-01-01 09:26","1006.8","2022-01-23 13:19","17.2","25.8","2022-01-26 14:28","12.0","2022-01-12 05:54","14.0","2.4","90","16.1","70","2022-01-28 12:51","122.0","96.0","13","2.5","2022-01-06 20:28","7.0","2022-01-22 18:15","44.5","2022-01-22 00:00","83","44.2","47.1","221.00","...","...","...","8.5","taipei"
"02","1016.8","1020.4","1025.3","2022-02-24 08:56","1008.0","2022-02-07 14:40","16.4","27.8","2022-02-28 13:38","10.3","2022-02-20 11:25","13.9","2.2","90","14.9","340","2022-02-07 17:20","252.0","194.3","21","3.0","2022-02-03 12:30","8.5","2022-02-03 12:30","38.5","2022-02-14 00:00","86","36.9","31.1","191.53","...","...","...","9.1","taipei"
"03","1011.3","1014.9","1020.0","2022-03-31 23:31","1003.0","2022-03-18 03:46","21.1","30.0","2022-03-16 12:21","11.9","2022-03-08 04:12","16.5","2.3","90","14.3","80","2022-03-27 13:06","197.5","71.2","11","7.0","2022-03-28 06:13","14.0","2022-03-27 00:02","75.0","2022-03-28 00:00","76","89.1","128.5","418.90","...","...","...","7.0","taipei"
"04","1011.2","1014.8","1022.8","2022-04-01 21:33","1001.4","2022-04-13 15:04","22.5","34.1","2022-04-26 12:43","13.2","2022-04-03 01:22","17.6","2.1","90","14.0","80","2022-04-06 14:31","108.5","62.2","7","13.5","2022-04-14 07:41","41.5","2022-04-14 07:18","57.0","2022-04-14 00:00","75","91.4","100.9","414.31","...","...","...","8.0","taipei"
"05","1009.3","1012.8","1014.9","2022-05-02 21:07","1001.0","2022-05-13 14:48","22.6","31.4","2022-05-12 12:32","15.1","2022-05-02 02:28","19.7","2.4","90","13.5","70","2022-05-19 13:26","187.5","94.9","12","9.0","2022-05-12 18:07","18.5","2022-05-12 17:36","43.5","2022-05-16 00:00","84","35.6","32.7","223.84","8","12","2022-05-12 12:00","9.2","taipei"
